case_number,decision_number,decision_reference,decision_type_code,decision_type_label,decision_adoption_date,n_attachments
DMA.100203,{00B10F91-6EDD-4C4B-9F1F-3315B75695AD},DMA.100203-DEC{00B10F91-6EDD-4C4B-9F1F-3315B75695AD},DmaDecType039,Decision to open proceedings based on Art.8(2),2024-09-19,1
DMA.100203,{01452CC6-192B-41C4-851B-3EAB71A60281},DMA.100203-DEC{01452CC6-192B-41C4-851B-3EAB71A60281},DmaDecType014,Decision under waiver clause,2025-08-04,1
DMA.100203,{11EDB540-A87B-4D54-99B9-382CCD933C48},DMA.100203-DEC{11EDB540-A87B-4D54-99B9-382CCD933C48},DmaDecType011,Decision based on Art.8,2025-03-19,1
DMA.100203,{49736444-6756-452A-81C7-80293EC93FDC},DMA.100203-DEC{49736444-6756-452A-81C7-80293EC93FDC},DmaDecType013,Preliminary findings based on Art.8(5),2024-12-18,1
DMA.100005,{0096D7F1-E17C-402A-ADD2-5DD90FDA7BF3},DMA.100005-DEC{0096D7F1-E17C-402A-ADD2-5DD90FDA7BF3},DmaDecType002,Designation decision,2023-09-05,1
DMA.100204,{0007D53D-6C49-4B87-A742-DC50F9DD1250},DMA.100204-DEC{0007D53D-6C49-4B87-A742-DC50F9DD1250},DmaDecType013,Preliminary findings based on Art.8(5),2024-12-18,1
DMA.100204,{8D52B9AB-FCAD-47EF-B824-61BE04FC16B4},DMA.100204-DEC{8D52B9AB-FCAD-47EF-B824-61BE04FC16B4},DmaDecType011,Decision based on Art.8,2025-03-19,1
DMA.100204,{94503C37-5EB6-4450-B059-43AD9B54CBDD},DMA.100204-DEC{94503C37-5EB6-4450-B059-43AD9B54CBDD},DmaDecType039,Decision to open proceedings based on Art.8(2),2024-09-19,1
DMA.100006,{1FE54005-431A-43CF-B373-5C7FB1EFB3D2},DMA.100006-DEC{1FE54005-431A-43CF-B373-5C7FB1EFB3D2},DmaDecType005,Decision accepting rebuttal,2023-09-05,1
DMA.100047,{F1DD4D5B-8ABF-4CDB-982C-AF47449383BE},DMA.100047-DEC{F1DD4D5B-8ABF-4CDB-982C-AF47449383BE},DmaDecType030,Decision to open a market investigation based on Art.3(8) and Art.17(1),2023-09-05,1
DMA.100047,{F604DC76-DD03-4853-8A76-21D42A7A6803},DMA.100047-DEC{F604DC76-DD03-4853-8A76-21D42A7A6803},DmaDecType004,Designation decision,2024-04-29,1
DMA.100004,{0096D7F1-E17C-402A-ADD2-5DD90FDA7BF3},DMA.100004-DEC{0096D7F1-E17C-402A-ADD2-5DD90FDA7BF3},DmaDecType002,Designation decision,2023-09-05,1
DMA.100009,{564D5143-E863-4715-A8AE-D15EAA7B50B9},DMA.100009-DEC{564D5143-E863-4715-A8AE-D15EAA7B50B9},DmaDecType002,Designation decision,2023-09-05,1
DMA.100206,{1AEB95D8-84C2-4C38-89D2-B735E05ACA8B},DMA.100206-DEC{1AEB95D8-84C2-4C38-89D2-B735E05ACA8B},DmaDecType040,Decision to open proceedings based on Art.20 and Art.29,2024-06-24,1
DMA.100008,{564D5143-E863-4715-A8AE-D15EAA7B50B9},DMA.100008-DEC{564D5143-E863-4715-A8AE-D15EAA7B50B9},DmaDecType002,Designation decision,2023-09-05,1
DMA.100041,{A51330F2-53EE-4FD9-B0E5-4E1B4553960C},DMA.100041-DEC{A51330F2-53EE-4FD9-B0E5-4E1B4553960C},DmaDecType005,Decision accepting rebuttal,2024-10-16,1
DMA.100041,{FA19CA1B-3661-40F5-8151-16D4B2DCC1E7},DMA.100041-DEC{FA19CA1B-3661-40F5-8151-16D4B2DCC1E7},DmaDecType030,Decision to open a market investigation based on Art.3(8) and Art.17(1),2024-05-13,1
DMA.100042,{E35552D7-CA95-4AD2-A269-03AC1E84B650},DMA.100042-DEC{E35552D7-CA95-4AD2-A269-03AC1E84B650},DmaDecType005,Decision accepting rebuttal,2024-05-13,1
DMA.100040,{B83B1673-D18A-4D1C-B36A-765FFC8CEDF0},DMA.100040-DEC{B83B1673-D18A-4D1C-B36A-765FFC8CEDF0},DmaDecType003,Designation decision,2023-09-05,1
DMA.100045,{6E4C6443-2789-414C-A2BF-1BF882408787},DMA.100045-DEC{6E4C6443-2789-414C-A2BF-1BF882408787},DmaDecType005,Decision accepting rebuttal,2026-02-05,1
DMA.100002,{0096D7F1-E17C-402A-ADD2-5DD90FDA7BF3},DMA.100002-DEC{0096D7F1-E17C-402A-ADD2-5DD90FDA7BF3},DmaDecType002,Designation decision,2023-09-05,1
DMA.100044,{37AF0374-5338-4BCA-A294-6C93D3B49A34},DMA.100044-DEC{37AF0374-5338-4BCA-A294-6C93D3B49A34},DmaDecType008,Review of designation decision based on Art.4,2025-04-23,1
DMA.100044,{F05A5D40-5E73-4ECB-9537-582A4E3F3251},DMA.100044-DEC{F05A5D40-5E73-4ECB-9537-582A4E3F3251},DmaDecType003,Designation decision,2023-09-05,1
DMA.100236,{45930059-FD0F-4689-B14C-A507B4B654A8},DMA.100236-DEC{45930059-FD0F-4689-B14C-A507B4B654A8},DmaDecType036,Decision to open a market investigation into new services and new practices based on Art.19,2025-11-18,1
DMA.100038,{1386C4A5-AB07-4CF0-9B4B-D8CBACB1AB1E},DMA.100038-DEC{1386C4A5-AB07-4CF0-9B4B-D8CBACB1AB1E},DmaDecType005,Decision accepting rebuttal,2023-09-05,1
DMA.100075,{BEAE72E0-77BF-460A-89C6-1F7E38072261},DMA.100075-DEC{BEAE72E0-77BF-460A-89C6-1F7E38072261},DmaDecType043,Non-compliance decision based on Art.29,2026-07-23,0
DMA.100075,{E9521267-2288-4A53-9F73-2BF23BC5C7DD},DMA.100075-DEC{E9521267-2288-4A53-9F73-2BF23BC5C7DD},DmaDecType040,Decision to open proceedings based on Art.20 and Art.29,2024-03-25,1
DMA.100193,{649445A8-318F-4236-8AFF-A98A68ABB900},DMA.100193-DEC{649445A8-318F-4236-8AFF-A98A68ABB900},DmaDecType043,Non-compliance decision based on Art.29,2026-07-23,0
DMA.100193,{8973FEAF-0FA4-446E-9808-7C4DA6C897A5},DMA.100193-DEC{8973FEAF-0FA4-446E-9808-7C4DA6C897A5},DmaDecType040,Decision to open proceedings based on Art.20 and Art.29,2024-03-25,1
DMA.100232,{8242FE1D-A499-4E12-B388-1CC76132BCAF},DMA.100232-DEC{8242FE1D-A499-4E12-B388-1CC76132BCAF},DmaDecType005,Decision accepting rebuttal,2024-05-13,1
DMA.100034,{1ABE6D99-2BC9-4474-BEB4-50CF95DCB14B},DMA.100034-DEC{1ABE6D99-2BC9-4474-BEB4-50CF95DCB14B},DmaDecType005,Decision accepting rebuttal,2024-02-12,1
DMA.100034,{5A9280CD-F904-4BDB-8432-9AAAD0FE9D51},DMA.100034-DEC{5A9280CD-F904-4BDB-8432-9AAAD0FE9D51},DmaDecType031,Decision to open a market investigation based on Art.3(5) and Art.17(3),2023-09-05,1
DMA.100035,{73FBA51F-7BCB-4F1D-B72B-81DD2C20ABE9},DMA.100035-DEC{73FBA51F-7BCB-4F1D-B72B-81DD2C20ABE9},DmaDecType002,Designation decision,2023-09-05,1
DMA.100032,{4AAA1BE5-1B3E-4F76-89EE-2C8EF708F277},DMA.100032-DEC{4AAA1BE5-1B3E-4F76-89EE-2C8EF708F277},DmaDecType030,Decision to open a market investigation based on Art.3(8) and Art.17(1),2025-11-18,1
DMA.100231,{C7EDA13F-E389-4F03-8EEC-1C035655D04B},DMA.100231-DEC{C7EDA13F-E389-4F03-8EEC-1C035655D04B},DmaDecType040,Decision to open proceedings based on Art.20 and Art.29,2025-11-12,1
DMA.100033,{8385C9F4-90D6-4AE4-A38E-64FC35EDA1B7},DMA.100033-DEC{8385C9F4-90D6-4AE4-A38E-64FC35EDA1B7},DmaDecType030,Decision to open a market investigation based on Art.3(8) and Art.17(1),2025-11-18,1
DMA.100027,{E7A9D911-F36A-4FAD-BC67-F0E3AFA390A2},DMA.100027-DEC{E7A9D911-F36A-4FAD-BC67-F0E3AFA390A2},DmaDecType002,Designation decision,2023-09-05,1
DMA.100028,{1ABE6D99-2BC9-4474-BEB4-50CF95DCB14B},DMA.100028-DEC{1ABE6D99-2BC9-4474-BEB4-50CF95DCB14B},DmaDecType005,Decision accepting rebuttal,2024-02-12,1
DMA.100028,{5A9280CD-F904-4BDB-8432-9AAAD0FE9D51},DMA.100028-DEC{5A9280CD-F904-4BDB-8432-9AAAD0FE9D51},DmaDecType031,Decision to open a market investigation based on Art.3(5) and Art.17(3),2023-09-05,1
DMA.100025,{E7A9D911-F36A-4FAD-BC67-F0E3AFA390A2},DMA.100025-DEC{E7A9D911-F36A-4FAD-BC67-F0E3AFA390A2},DmaDecType002,Designation decision,2023-09-05,1
DMA.100026,{76AD7838-D3B7-4FC6-9486-428D0C3DC16A},DMA.100026-DEC{76AD7838-D3B7-4FC6-9486-428D0C3DC16A},DmaDecType002,Designation decision,2023-09-05,1
DMA.100109,{C76194A7-840E-4032-9152-FEFA2E6C1879},DMA.100109-DEC{C76194A7-840E-4032-9152-FEFA2E6C1879},DmaDecType043,Non-compliance decision based on Art.29,2025-04-23,1
DMA.100109,{CF7775AC-72DE-44E1-9A3E-CBE2964BFF89},DMA.100109-DEC{CF7775AC-72DE-44E1-9A3E-CBE2964BFF89},DmaDecType040,Decision to open proceedings based on Art.20 and Art.29,2024-03-25,1
DMA.100185,{35B065BF-FCBF-49AF-9F56-2C55216077CB},DMA.100185-DEC{35B065BF-FCBF-49AF-9F56-2C55216077CB},DmaDecType068,Closure decision,2025-04-23,1
DMA.100185,{C95930EC-24E8-4ED0-845A-63EBD6372EDA},DMA.100185-DEC{C95930EC-24E8-4ED0-845A-63EBD6372EDA},DmaDecType040,Decision to open proceedings based on Art.20 and Art.29,2024-03-25,1
DMA.100020,{73FBA51F-7BCB-4F1D-B72B-81DD2C20ABE9},DMA.100020-DEC{73FBA51F-7BCB-4F1D-B72B-81DD2C20ABE9},DmaDecType002,Designation decision,2023-09-05,1
DMA.100023,{A8AD762B-562E-4A27-9932-078117E94F5E},DMA.100023-DEC{A8AD762B-562E-4A27-9932-078117E94F5E},DmaDecType005,Decision accepting rebuttal,2023-09-05,1
DMA.100024,{F05A5D40-5E73-4ECB-9537-582A4E3F3251},DMA.100024-DEC{F05A5D40-5E73-4ECB-9537-582A4E3F3251},DmaDecType003,Designation decision,2023-09-05,1
DMA.100220,{4D9AF053-49EB-46FF-B4E6-4CED17ABAADA},DMA.100220-DEC{4D9AF053-49EB-46FF-B4E6-4CED17ABAADA},DmaDecType013,Preliminary findings based on Art.8(5),2026-04-27,1
DMA.100220,{5C5EE221-4F6F-42EC-B526-96B84DF0B9F1},DMA.100220-DEC{5C5EE221-4F6F-42EC-B526-96B84DF0B9F1},DmaDecType039,Decision to open proceedings based on Art.8(2),2026-01-27,1
DMA.100220,{8E56723A-179E-4185-99F2-1F635C206D3A},DMA.100220-DEC{8E56723A-179E-4185-99F2-1F635C206D3A},DmaDecType011,Decision based on Art.8,2026-07-16,1
DMA.100022,{0A4BC9A5-A226-436B-9152-6A832D77810F},DMA.100022-DEC{0A4BC9A5-A226-436B-9152-6A832D77810F},DmaDecType005,Decision accepting rebuttal,2024-02-12,1
DMA.100022,{84C6752D-3D5C-4AC0-9712-7BC15A84356A},DMA.100022-DEC{84C6752D-3D5C-4AC0-9712-7BC15A84356A},DmaDecType031,Decision to open a market investigation based on Art.3(5) and Art.17(3),2023-09-05,1
DMA.100016,{F47F44E8-586E-4C34-914C-E99AB8CF8335},DMA.100016-DEC{F47F44E8-586E-4C34-914C-E99AB8CF8335},DmaDecType002,Designation decision,2023-09-05,1
DMA.100017,{76AD7838-D3B7-4FC6-9486-428D0C3DC16A},DMA.100017-DEC{76AD7838-D3B7-4FC6-9486-428D0C3DC16A},DmaDecType002,Designation decision,2023-09-05,1
DMA.100014,{689FD300-B727-4545-8AA9-80A6C3426CFB},DMA.100014-DEC{689FD300-B727-4545-8AA9-80A6C3426CFB},DmaDecType005,Decision accepting rebuttal,2026-02-05,1
DMA.100015,{1ABE6D99-2BC9-4474-BEB4-50CF95DCB14B},DMA.100015-DEC{1ABE6D99-2BC9-4474-BEB4-50CF95DCB14B},DmaDecType005,Decision accepting rebuttal,2024-02-12,1
DMA.100015,{5A9280CD-F904-4BDB-8432-9AAAD0FE9D51},DMA.100015-DEC{5A9280CD-F904-4BDB-8432-9AAAD0FE9D51},DmaDecType031,Decision to open a market investigation based on Art.3(5) and Art.17(3),2023-09-05,1
DMA.100018,{F47F44E8-586E-4C34-914C-E99AB8CF8335},DMA.100018,DmaDecType002,Designation decision,2023-09-05,1
DMA.100019,{B14456B8-5889-4F3C-9554-E975385C8DE6},DMA.100019-DEC{B14456B8-5889-4F3C-9554-E975385C8DE6},DmaDecType002,Designation decision,2024-05-13,1
DMA.100097,{BAF44B25-FC89-49A6-9AD4-D53BF4E37844},DMA.100097-DEC{BAF44B25-FC89-49A6-9AD4-D53BF4E37844},DmaDecType010,Decision to extend time limits based on Art.7(6),2024-03-25,1
DMA.100013,{E7A9D911-F36A-4FAD-BC67-F0E3AFA390A2},DMA.100013-DEC{E7A9D911-F36A-4FAD-BC67-F0E3AFA390A2},DmaDecType002,Designation decision,2023-09-05,1
DMA.100010,{0096D7F1-E17C-402A-ADD2-5DD90FDA7BF3},DMA.100010-DEC{0096D7F1-E17C-402A-ADD2-5DD90FDA7BF3},DmaDecType002,Designation decision,2023-09-05,1
DMA.100055,{4B1EF27F-06A5-4211-B33A-B7C1C77F5011},DMA.100055-DEC{4B1EF27F-06A5-4211-B33A-B7C1C77F5011},DmaDecType043,Non-compliance decision based on Art.29,2025-04-23,1
DMA.100055,{BFC1CDC6-B118-45A7-B3D6-5A4718E700D6},DMA.100055-DEC{BFC1CDC6-B118-45A7-B3D6-5A4718E700D6},DmaDecType040,Decision to open proceedings based on Art.20 and Art.29,2024-03-25,1
DMA.100011,{0096D7F1-E17C-402A-ADD2-5DD90FDA7BF3},DMA.100011-DEC{0096D7F1-E17C-402A-ADD2-5DD90FDA7BF3},DmaDecType002,Designation decision,2023-09-05,1
DMA.100209,{38F71209-CDB2-4562-AF09-525D9C99F38F},DMA.100209-DEC{38F71209-CDB2-4562-AF09-525D9C99F38F},DmaDecType039,Decision to open proceedings based on Art.8(2),2026-01-27,1
DMA.100209,{DC0531D8-AE73-48AC-94FF-4559C8149578},DMA.100209-DEC{DC0531D8-AE73-48AC-94FF-4559C8149578},DmaDecType011,Decision based on Art.8,2026-07-16,1
DMA.100209,{F5FDC925-CA74-4003-903E-64D25D2B0886},DMA.100209-DEC{F5FDC925-CA74-4003-903E-64D25D2B0886},DmaDecType013,Preliminary findings based on Art.8(5),2026-04-16,1
